id,title,snippet,price,originalPrice,imagelink,videolink,afflink,singlelink,badge,sold,rating,date,category
1,Batik Slimfit Motif Bhavana Green dari Arkana batik,"Batik slimfit with Bhavana green motif, premium fabric feel, elegant batik pria.",264000,274500,https://down-id.img.susercontent.com/file/id-11134207-82250-mj3kec4qt9mte7@resize_w1200_nl.webp,,https://s.shopee.co.id/qe13mMhgH,,Hot,90,"4,6",01/02/2026,Batik Pria
2,Batik Slimfit Motif Truntum Beras Wutah dari Adhinatha batik,"Batik slimfit featuring Adhinatha tambalan truntum motif, rich traditional batik pria.",205000,220000,https://blogger.googleusercontent.com/img/b/R29vZ2xl/AVvXsEiEqQP74S6ynOVOym6bfxU5mX2pTHumEko8jYmFIgcMDuErKVW8KVsoKRHUZqVu_qtJtNXFO3ueOsk1_3UdedGOXaST7BuPelvluX9E2n7Pn2P0zA9WtCzcDcaz5bPkTVCatCMhTp4gMAPLAPlrjow8xxe_367flOP_wFrP64c4VrlTtLFUZMzgsRtZt32E/s1600/batik-slimfit-truntum-beras-wutah.png,,https://s.shopee.co.id/70EeOyXw6b,https://www.ceklinkdibio.com/batik-pria-slimfit-truntum-beras-wutah.html,Hot,2400,"4,8",02/02/2926,Batik Pria
3,Batik Slimfit Motif Dusty pink dari Jaka Jaya batik,"Batik slimfit Dusty pink with long sleeves, refined modern style lengan panjang batik pria",204000,400000,https://blogger.googleusercontent.com/img/b/R29vZ2xl/AVvXsEgO2Yi2HGErFAAFACeEwW5EViXPiq1BwJ3886_z8ot4v_XqoWJYKJLWYVWxdciyGP4DN3EuEYPXIJCIcWXLH81fmbLCsMzhpFlcMqPHquN5IvyU1wOcEzU1oQXG9TlEWTKj0n4UuqLxzE2Mbrb6xHsIIN7XSZPis3trwjII4fsxaH4cg7wDY_rOp3WEqg7x/s1600/batik-slimfit-dusty-pink.png,,https://s.shopee.co.id/3LL6ys7kS2,,New,226,"4,8",03/02/2026,Batik Pria
4,Batik Slimfit Motif Barra Merah Marun Burgundy dari Elegan batik,"Batik slimfit premium cotton batik merah maroon burgundy, cool, and comfortable for batik pria.",129500,224600,https://blogger.googleusercontent.com/img/b/R29vZ2xl/AVvXsEj-s8DFOhkmB5T6_ZaRYkYxo4BoqYQNssL1XngkTyYc5URhUET2vrfjS7rgMgtz0cog7mcvQ2gjui7s01ruTBLqaJlTHjMjzM0YkPS4ncUT9gQKZweVt4kWuzXidQUKar5Q49k5lvfq8Ogb0TSBnlqXsf0z8T5sog821sM0WclARtY9jKr2zkAyShMozJ9x/s1600/batik-slimfit-merah-maroon-burgundy.png,,https://s.shopee.co.id/2LSoqeR9sW,https://www.ceklinkdibio.com/batik-pria-slimfit-elegan-merah-maroon.html,Sale,597,"4,9",03/02/2026,Batik Pria
5,Batik Slimfit Motif Nismara dari Askar batik,Batik slimfit Motif Nismara Lengan Panjang Full Furing Warna Kuning Keemasan batik pria,165200,290000,https://blogger.googleusercontent.com/img/b/R29vZ2xl/AVvXsEj-TtUTyMzYOmJOCBy9gA6FMOgAi-gMQGUuwF1eX0Gb77t2o5WG6QaBtj9D51Edsj1e6ZUgwON6ehWe_kW-L2q9AulJQ3aILzLD7bvjJYXQthlwcDW_eO8onP9Oic9b_st3PiS_XpF21kuKwOAiOvQm4MS6wnsOj5bTCNiiwqtvmKxQ2RW3x8ELktk6uKGs/s1600/batik-slimfit-nismara.png,,https://vt.tokopedia.com/t/ZS91cuD9hNT1y-B04ot/,https://www.ceklinkdibio.com/batik-pria-slimfit-nismara-by-askar.html,New,2340,"4,8",04/02/2026,Batik Pria
6,Batik Slimfit Motif Gandhi Biru dari Seno Joyo batik,Batik slimfit Motif gandhi biru lengan panjang lapis furing cuttingan slimfit bahan katun halus,182000,320000,https://down-id.img.susercontent.com/file/id-11134207-7ra0g-mcc3jeip5svvcd.webp,,https://s.shopee.co.id/7AY4bcBPgL,https://www.ceklinkdibio.com/batik-pria-slimfit-gandhi-biru.html,Hot,165,"4,7",05/02/2026,Batik Pria
7,Batik Slimfit Motif akar coklat dari Griyo Seno batik,"Batik Slimfit motif akar coklat dari BATIK GRIYO SENO solo jawa tengah Jahitan Butik Rapi, Awet & Kuat",175000,255000,https://down-id.img.susercontent.com/file/id-11134207-8224x-mgvplej32juw53.webp,,https://s.shopee.co.id/4AuEqHSW1L,https://www.ceklinkdibio.com/batik-slimfit-motif-akar-coklat-griyoseno.html,Hot,6,"5,0",05/02/2026,Batik Pria
8,Batik Slimfit Motif Vistara kemeja pria dari Arkana batik,Batik slimfit Motif Vistara dari Arkana Batik kemeja pria lengan panjang,216000,220000,https://blogger.googleusercontent.com/img/b/R29vZ2xl/AVvXsEizesSiJZq_wF1AWmwZROH8OL_SvPXESdfOw2g1d0qneIuFOB2rxN03pQy3G5aR_V6LJSVlgGLcQDTxpv0nurIYRNRmwhhHPcOGsoW94gf9LEfhppNjBH-dxrEXgW9Beao8JKpIn3nk3hLtJoHJgxENDjw3b8-PeAM8Wk78OyJdGtLcXxWLt8fFg8cHz-DN/s1600/batik-slimfit-vistara.png,,https://s.shopee.co.id/3B1hf4Td7w,,New,2250,"4,6",05/02/2026,Batik Pria
9,Kain Batik Lampung bahan Sieger Sanwos Foil Lembut Adem,Kain Batik Lampung bahan dari Sieger Sanwos Foil Lembut Adem,57900,124900,https://blogger.googleusercontent.com/img/b/R29vZ2xl/AVvXsEjHqoQukrboE7t1TLyDDtMCYiX337_OwCiDHbAKBSx-EA8CVIqRjYAiQflz5fH6IU6t7NKJD98XvQ1sVaHMH5F8CNOAyZsccEe08kuvzOKEDGlA7DB4xeTzSrIZBN6e7chVhERQ-EZyvpICCB-tg3JNftyM1CeLEekiIKAHQ4KOYHvbU4wuR2LA7hK0mONh/s1600/Kain-batik-Lampung-bahan-Sieger-Sanwos-Foil-Lembut-Adem-slimfit-keren.png,,https://s.shopee.co.id/AKV6NazRXp,https://www.ceklinkdibio.com/kain-batik-lampung-bahan-sanwos-foil-halus-premium.html,New,568,"4,8",06/02/2026,Bahan batik
